January 5, 2011,14:02,MDZhB/МДЖБ,/media/1794/S28-4624USB-20110101-1402z-msg-ByDanix111.ogg,79 612 SKOPLYeNIYe 15 81 75 54,СКОПЛЕНИЕ,-
January 5, 2011,14:03,MDZhB/МДЖБ,/media/1794/S28-4624USB-20110101-1402z-msg-ByDanix111.ogg,26 739 IKONOMYeTR 65 71 18 45,ИКОНОМЕТР,-
January 11, 2011,09:38,MDZhB/МДЖБ,,05 980 SKLON?AJ 31 00 60 16,СКЛОН?АЙ,-
January 14, 2011,14:52,MDZhB/МДЖБ,/media/1795/S28-4624USB-20110114-1452z-msg-ByTrojan.ogg,54 926 YeL'ChANIN 23 44 10 77 AL'ChIN 87 40 19 17,ЕЛЬЧАНИН; АЛЬЧИН,-
January 17, 2011,15:11,MDZhB/МДЖБ,/media/1796/S28-4624USB-20110117-1012z-msg-ByPresentedIn4d.ogg,21 446 GLUVONYeM 36 31 74 60,ГЛУВОНЕМ,-
January 19, 2011,02:15,,/media/1797/S28-4624USB-20110119-0219z-msg-ByBuzzword.ogg,,,inaudible
January 20, 2011,02:02,MDZhB/МДЖБ,/media/1798/S28-4624USB-20110120-0202z-msg-ByDanix111.ogg,05 482 NAMIRA 29 73 72 71,НАМИРА,-
January 21, 2011,06:57,MDZhB/МДЖБ,/media/1799/S28-4624USB-20110121-0657z-msg-ByWebweasel.ogg,61 885 NAVOZKA 89 56 74 16,НАВОЗКА,-
January 26, 2011,14:58,MDZhB/МДЖБ,,19 553 ILOTICIN 36 19 69 46 HLORAPATIT 80 80 29 83,ИЛОТИЦИН; ХЛОРАПАТИТ,-
January 28, 2011,15:08,MDZhB/МДЖБ,/media/1800/S28-4624USB-20110128-1508z-msg-ByDanix111.ogg,57 352 RYeFRAKTOR 09 78 68 02,РЕФРАКТОР,-
January 28, 2011,15:36,MDZhB/МДЖБ,,57 352 RYeFRAKTOR 09 78 68 02,РЕФРАКТОР,-
January 30, 2011,14:22,MDZhB/МДЖБ,,23 357 HIShchYeNIYe 11 73 86 88,ХИЩЕНИЕ,-
January 31, 2011,15:54,MDZhB/МДЖБ,,70 959 GLOKT 65 80 59 34,ГЛОКТ,-
February 1, 2011,13:47,MDZhB/МДЖБ,,34 243 ALLOPAT 77 24 55 17 ULLA 22 96 59 34,АЛЛОПАТ; УЛЛА,-
February 2, 2011,13:47,MDZhB/МДЖБ,,33 306 ALKERAN 27 56 14 43,АЛКЕРАН,-
February 3, 2011,14:28,MDZhB/МДЖБ,,33 919 PLINTUSNYJ 17 90 66 50,ПЛИНТУСНЫЙ,-
February 4, 2011,15:03,MDZhB/МДЖБ,,53 058 FLINTTGLAS 28 59 53 18 KLIMA 39 94 92 36,ФЛИНТТГЛАС; КЛИМА,-
February 5, 2011,11:36,MDZhB/МДЖБ,,84 698 VIChOVKA 19 07 62 37,ВИЧОВКА,-
February 5, 2011,11:50,MDZhB/МДЖБ,,84 798 VIChOVKA 19 08 62 37... 84 798 VIChOVKA 19 07 62 37,ВИЧОВКА,-
February 6, 2011,14:45,MDZhB/МДЖБ,,12 905 GLIKOKOL 37 21 15 84 BLIZNYaK 98 02 47 89,ГЛИКОКОЛ; БЛИЗНЯК,-
February 7, 2011,12:40,MDZhB/МДЖБ,,68 870 BICULLIN 27 95 37 57,БИЦУЛЛИН,-
February 7, 2011,13:30,MDZhB/МДЖБ,,48 553 BICA 59 80 02 83,БИЦА,-
February 7, 2011,13:44,MDZhB/МДЖБ,,77 774 ChIHOTA 98 95 23 38,ЧИХОТА,-
February 7, 2011,15:26,MDZhB/МДЖБ,,77 349 BIHORD 31 17 50 98,БИХОРД,-
February 8, 2011,15:09,MDZhB/МДЖБ,,52 320 FLESh 70 22 14 80 ALEUROMETR 23 50 15 04,ФЛЕШ; АЛЕУРОМЕТР,-
February 10, 2011,14:20,MDZhB/МДЖБ,,61 877 DIHLOROFOS 33 65 69 53,ДИХЛОРОФОС,-
February 10, 2011,14:22,MDZhB/МДЖБ,,53 161 DIFENILEN 89 49 24 54,ДИФЕНИЛЕН,-
February 11, 2011,14:26,MDZhB/МДЖБ,/media/34719/s28-4625usb-20110211-1426z-msg-bywebweasel.ogg,89 915 ELYeKTRUM 76 27 89 80,ЭЛЕКТРУМ,-
February 13, 2011,15:15,MDZhB/МДЖБ,,88 625 ALEKSIN 88 55 33 63,АЛЕКСИН,-
February 14, 2011,14:48,KZJT LNR4,,35 993 44 723 ILYeK 72 11 21 19,ИЛЕК,-
February 15, 2011,16:35,MDZhB/МДЖБ,,55 944 BLYeZIR 84 94 72 16... 55 944 BYeLZIR 84 94 72 16,БЛЕЗИР... БЕЛЗИР,-
February 15, 2011,16:37,MDZhB/МДЖБ,,55 944 BLYeZIR 84 94 72 16,БЛЕЗИР,-
February 18, 2011,14:51,MDZhB/МДЖБ,,78 819 OLEVSK 17 30 93 71 GLEV 70 54 43 79,ОЛЕВСК; ГЛЕВ,-
February 21, 2011,09:16,,,,,inaudible
February 21, 2011,11:47,MDZhB/МДЖБ,,,,poor quality
February 21, 2011,12:11,MDZhB/МДЖБ,/media/1140/UVB-76-21-20-2011-1211UTC.ogg,MDZhR MDZhR 0 800 MDZhB MDZhB 94 827 VIT? [...] 49 27 [...] TAR [...] 01 3[...],МДЖР МДЖР; МДЖБ МДЖБ; ВИТ[...]; ТАР[...],poor quality#skip
February 21, 2011,12:33,MDZhB/МДЖБ,/media/1139/UVB-76-21-02-2011-1233UTC.ogg,,,-  
February 21, 2011,14:01,MDZhB/МДЖБ,/media/1138/UVB-76-21-02-2011-1401UTC.ogg,92 175 DISHIDIN 14 19 92 56,ДИШДИН,-
February 21, 2011,14:19,MDZhB/МДЖБ,/media/1137/UVB-76-21-02-2011-1419UTC.ogg,38 777 RISTALIShchYe 09 38 14 69,РИСТАЛИЩЕ,-
February 21, 2011,14:58,MDZhB/МДЖБ,/media/1136/UVB-76-21-02-2011-1458UTC.ogg,89 873 LISOHVOST 40 95 59 44,ЛИСОХВОСТ,-
February 22, 2011,09:40,MDZhB/МДЖБ,/media/1142/UVB-76-22-02-2011-1831.ogg,,,-
February 24, 2011,10:08,MDZhB/МДЖБ,/media/1183/UVB-76-24-02-2011-1007UTC.ogg,06 ??? KLAUZULA 02 ?3 ?6 72 PLA?TANNYJ 51 1? 08 (03?),КЛАУЗУЛА; ПЛА?ТАННЫЙ,-
February 24, 2011,10:12,MDZhB/МДЖБ,/media/1184/UVB-76-24-02-2011-1012UTC.ogg,,,-
February 24, 2011,10:58,MDZhB/МДЖБ,/media/1185/UVB-76-24-02-2011-1058UTC.ogg,49 1?? FLANEC 69 95 ?? ??,ФЛАНЕЦ,-
February 24, 2011,11:01,MDZhB/МДЖБ,/media/1186/UVB-76-24-02-2011-1101UTC.ogg,26 146 ALAN 08 49 11 ??,АЛАН,-
February 24, 2011,11:18,MDZhB/МДЖБ,/media/1186/UVB-76-24-02-2011-1101UTC.ogg,00 836 ELAN 80 18 ?? ??,ЭЛАН,-
February 24, 2011,11:31,MDZhB/МДЖБ,/media/1188/UVB-76-24-02-2011-1131UTC.ogg,53 929 ULAN 90 34 44 51,УЛАН,-
February 24, 2011,11:39,MDZhB/МДЖБ,/media/1189/UVB-76-24-02-2011-1139UTC.ogg,27 976 PLAKALAShchIK 52 13 39 83 BLAZhNIK 95 ?? ?? 63,ПЛАКАЛАЩИК; БЛАЗНИК,-
February 24, 2011,12:07,KZJT MBYShch/КЗЙТ МБІЩ,/media/1190/UVB-76-24-02-2011-1207UTC.ogg,60 582 37 817 GLADYRJ 30 53 41 11 GLADAK 41 10 19 56,ГЛАДІРЙ ГЛАДАК,-
February 24, 2011,12:13,V6BY/В6БЫ,/media/1191/UVB-76-24-02-2011-1214UTC.ogg,60 582 37 817 GLADYRJ 30 53 41 11 GLADAK 41 10 19 56,ГЛАДІРЙ ГЛАДАК,-
February 24, 2011,12:33,MDZhB/МДЖБ,/media/1192/UVB-76-24-02-2011-1233UTC.ogg,09 5?? VLIVANIYe 84 88 07 60 VISLYaTKA 52 88 07 60 BIRYuZOVYJ 52 65 90 53,ВЛИВАНИЕ; ВИСЛЯТКА; БИРЮЗОВЫЙ,-
February 24, 2011,12:55,MDZhB/МДЖБ,/media/1193/UVB-76-24-02-2011-1255UTC.ogg,87 314 BIRUHA 30 30 14 89 ZhIROPOT 31 97 24 58,БИРУХА; ЖИРОПОТ,-
February 24, 2011,13:17,MDZhB/МДЖБ,/media/1194/UVB-76-24-02-2011-1317UTC.ogg,61 880 BLAGOChINIYe 66 36 87 97 SLAVIL'ShchIK 85 00 14 68,БЛАГОЧИНИЕ; СЛАВИЛЬЩИК,-
February 24, 2011,14:05,MDZhB/МДЖБ,/media/1195/UVB-76-24-02-2011-1405UTC.ogg,34 180 FLAVANON 36 52 10 80,ФЛАВАНОН,-
February 24, 2011,14:46,MDZhB/МДЖБ,/media/1196/UVB-76-24-02-2011-1445UTC.ogg,26 985 AKUShERSKIJ 49 75 10 97,АКУШЕРСКИЙ,-
February 24, 2011,15:23,MDZhB/МДЖБ,/media/1197/UVB-76-24-02-2011-1523UTC.ogg,86 347 SKUTOZAVR 03 70 98 89,СКУТОЗАВР,-
February 24, 2011,15:33,MDZhB/МДЖБ,/media/1198/UVB-76-24-02-2011-1533UTC.ogg,81 796 AKSUAT 30 92 30 20,АКСУАТ,-
March 05, 2011,12:33,V6BY,/media/1345/UVB-76-05-03-2011-1232.ogg,93 988 07 374 GLOKT 27 56 14 43,ГЛОКТ,-
March 06, 2011,14:00,MDZhB/МДЖБ,/media/1458/UVB-76-06-03-2011-1400UTC.ogg,59 731 KLOVIR 17 90 66 50 59 531 KLOVIR 15 90 66 50,КЛОВИР,Mistake in reading
March 09, 2011,15:30,MDZhB/МДЖБ,/number-stations/slavic/s28/2011.aspx,91 083 GLOBULIN 28 59 53 19,ГЛОБУЛИН,-
March 10, 2011,10:20,MDZhB/МДЖБ,/media/1483/UVB-76-10-03-2011-1020UTC.ogg,03 901 ALLOPAT 39 97 92 36,АЛЛОПАТ,-
March 11, 2011,15:05,MDZhB/МДЖБ,/media/1486/UVB-76-11-03-2011-1505.ogg,33 660 ULLA 37 21 15 84 ALKERAN 98 02 47 89,УЛЛА АЛКЕРАН,-
March 13, 2011,13:49,MDZhB/МДЖБ,/media/1530/UVB-76-13-03-2011-1340UTC.ogg,30 808 PLINTUSNYJ 70 44 05 56,ПЛИНТУСНЫЙ,-
March 15, 2011,15:30,MDZhB/МДЖБ,/media/1539/UVB-76-15-03-2011-1530UTC.ogg,51 457 FLINTTGLAS 84 88 07 60,ФЛИНТТГЛАС,-
March 16, 2011,16:30,MDZhB/МДЖБ,/media/1542/UVB-76-16-03-2011-1630UTC.mp3,95 216 KLIMA 70 22 14 80 GLIKOKOL 23 50 15 04,КЛИМА; ГЛИКОKОЛ,-
March 16, 2011,17:30,MDZhB/МДЖБ,/media/1544/UVB-76-15-03-2011-1730UTC.ogg,53 037 BLIZNYaK 53 35 65 43,БЛИЗНЯК,-
March 18, 2011,14:50,MDZhB/МДЖБ,/media/1562/UVB-76-18-03-2011-1450UTC.ogg,07 118 BLIZhNIK 76 27 89 80,БЛИЖНИК,-
March 21, 2011,07:00,MDZhB/МДЖБ,/media/1577/UVB-76-21-03-2011-0700UTC.ogg,15 759 START 27 86 33 80,СТАРТ,-
March 22, 2011,05:00,MDZhB/МДЖБ,/media/1578/UVB-76-22-03-2011-0500UTC.ogg,44 875 KORIDORNYJ 12 88; 14 328 POKRAS 27 89,КОРИДОРНЫЙ; ПОКРАС,-
March 22, 2011,14:50,MDZhB/МДЖБ,/media/1580/UVB-76-22-03-2011-1450UTC.ogg,85 171 ELEKTRUM 17 30 93 71 ALEKSIN 10 54 43 79,ЭЛЕКТРУМ; АЛЕКСИН,-
March 23, 2011,05:00,MDZhB/МДЖБ,/media/1583/UVB-76-23-03-2011-0500UTC.ogg,09 579 POKRAS 27 80 9,ПОКРАС,-
March 23, 2011,17:05,MDZhB/МДЖБ,/media/1584/UVB-76-23-03-2011-1705UTC.ogg,57 055 BODRYeNIK 19 48,БОДРЕНИК,-
March 24, 2011,14:25,MDZhB/МДЖБ,/media/1585/UVB-76-24-03-2011-1425UTC.ogg,84 302 MLEKARA 59 26 61 36 ILEK 71 53 89 37,МЛЕКАРА; ИЛЕК,-
March 25, 2011,05:35,MDZhB/МДЖБ,/media/1596/UVB-76-25-03-2011-0535UTC.ogg,99 668 STARGON 67 98,СТАРГОН,-
March 25, 2011,15:35,MDZhB/МДЖБ,/media/1594/UVB-76-25-03-2011-1535UTC.ogg,84 360 BLEZIR 87 20 49 51,БЛЕЗИР,-
March 30, 2011,14:10,MDZhB/МДЖБ,/media/1611/UVB-76-30-03-2011-1410UTC.ogg,48 599 OLEVSK 60 51 54 77,ОЛЕВСК,-
April 03, 2011,15:20,MDZhB/МДЖБ,/media/1631/UVB-76-03-04-2011-1525UTC.ogg,89 362 GLAShNIK 69 25 58 53,ГЛАШНИК,-
April 04, 2011,06:XX,MDZhB/МДЖБ,/media/1635/UVB-76-04-04-2011-0600UTC-APPROX.ogg,,,-
April 04, 2011,07:04,MDZhB/МДЖБ,/media/1633/UVB-76-04-04-2011-0705UTC-APPROX.ogg,,,-
April 04, 2011,07:41,MDZhB/МДЖБ,/media/1632/UVB-76-04-04-2011-0741UTC.ogg,53 973 ALANDAS 30 53 03 11,АЛАНДАС,-
April 04, 2011,14:20,MDZhB/МДЖБ,/media/1634/UVB-76-04-04-2011-1420UTC.ogg,53 ?55 GLAKA 03 70 98 8,ГЛАКА,Second Reading GLADA
April 07, 2011,10:12,MDZhB/МДЖБ,/media/1643/S28-4625USB-2011-04-07-1012UTC.mp3,34 773 BLAGOCHINIYe 30 92 30 20 GLASIS 62 13 39 83,БЛАГОЧИНИЕ; ГЛАСИС,-
April 07, 2011,10:14,MDZhB/МДЖБ,/media/1643/S28-4625USB-2011-04-07-1012UTC.mp3,08 497 SLANEC 95 50 91 63,СЛАНЕЦ,-
April 07, 2011,10:50,MDZhB/МДЖБ,/media/1644/S28-4525USB-2011-04-07-1050UTC-ByAvare.mp3,76 831 SLAVIL'ShchIK 33 84 63 13,СЛАВИЛЬЩИК,No repeat reading of message
April 07, 2011,11:13,MDZhB/МДЖБ,/media/1645/S28-4625USB-2011-04-07-1113UTC.mp3,17 814 FLAVANON 35 02 69 13,ФЛАВАНОН,Female voice female also heard shouting in the background. Message reader pauses due to shouting
April 07, 2011,11:13,MDZhB/МДЖБ,/media/12823/s28_4625usb_20110407_1113z_m.mp3,03 144 AKUShERSKIJ 79 17 00 47 SKUTOZAVR 81 72 80 08 LISOHVOST 98 59 36 63,АКУШЕРСКИЙ; СКУТОЗАВР; ЛИСОХВОСТ,Partial recording
April 07, 2011,11:53,MDZhB/МДЖБ,/media/1646/S28-4625USB-2011-04-07-1153UTC.mp3,44 819 VISLYaTKA 18 64 90 39,ВИСЛЯТКА,-
April 07, 2011,12:05,MDZhB/МДЖБ,/media/1648/S28-4625USB-2011-04-07-1205UTC-ByAvare.mp3,50 102 BIRYuZOVYJ 45 81 75 54,БИРЮЗОВЫЙ,-
April 07, 2011,12:17,MDZhB/МДЖБ,/media/1649/S28-4625USB-2011-04-07-1217UTC-ByAvare.mp3,47 748 BIRUHA 65 71 18 45,БИРУХА,-
April 07, 2011,13:19?,MDZhB/МДЖБ,/media/1650/S28-4625USB-2011-04-07-1319UTC-ByAvare.mp3,06 094 ZhIROPOT 53 47 47 57,ЖИРОПОТ,-
April 07, 2011,13:30,MDZhB/МДЖБ,/media/1651/S28-4625USB-2011-04-07-1330UTC-ByAvare.mp3,20 765 AKROSTIK 42 03 75 07,АКРОСТИК,-
April 07, 2011,13:45,V6BY/В6БЫ,/media/1652/S28-4625USB-2011-04-07-1345UTC-ByAvare.mp3,00 262 21 943 SKOSOK 95 77 57 66 83,СКОСОК,-
April 07, 2011,12:50,V6BY/В6БЫ,,V6BY 21 943 SKOSOK 95 77 57 66 83,СКОСОК,-
April 10, 2011,11:30,MDZhB/МДЖБ,/media/1661/S28-4625USB-2011-04-10-1130UTC-ByAvare.mp3,13 945 IKONOMETR 12 26 00 05 IKONNYJ 96 96 38 79,ИКОНОМЕТР; ИКОННЫЙ,Buzzer activated before below message for 3 buzzes as if next message was not expected.
April 10, 2011,11:32,MDZhB/МДЖБ,/media/1662/S28-4625USB-2011-04-10-1132UTC-ByAvare.mp3,12 028 OKOMELYuK 10 78 56 72,ОКОМЕЛЮК,-
April 10, 2011,13:05,MDZhB/МДЖБ,/media/1662/S28-4625USB-2011-04-10-1132UTC-ByAvare.mp3,53 093 AKMIT 00 29 72 60,АКМИТ,-
April 11, 2011,13:26,MDZhB/МДЖБ,/media/1673/S28-4625USB-2011-04-11-1326UTC-ByAvare.mp3,13 059 SKLONNYJ 67 07 10 53,СКЛОННЫЙ,-
April 13, 2011,14:00,MDZhB/МДЖБ,/media/1679/S28-4625USB-2011-04-13-1400UTC-ByWebweasel.ogg,17 090 SKISLYJ 33 43 52 39,СКИСЛЫЙ,-
April 15, 2011,14:33,MDZhB/МДЖБ,,?? 3?? SLIPETR 45 ?4 91 ?1,СЛИПЕТР,-
April 19, 2011,13:37,MDZhB/МДЖБ,/media/1695/S28-4625USB-20110419-1336z-msg-ByAvare.ogg,51 332 AKVANTINTA 42 65 09 33,АКВАНТИНТА,-
April 21, 2011,9:23,MDZhB/МДЖБ,/media/13589/s28-4625usb-20110421-0923z-msg-byscansweden.ogg ,93 719 YuKAGIR 59 80 02 83,ЮКАГИР,Very low modulation. This message followed after 2 impossible to copy at 9:13 and 9:19
April 21, 2011,11:45 Approx,MDZhB/МДЖБ,/media/1706/S28-4625USB-20110421-1145z-msg-ByWebweasel.ogg,71 402 HIShchYeNIYe 31 17 50 98,ХИЩЕНИЕ,"Mistake in reading, repeat misses callsign background voice is heard then message is repeated correctly"
April 21, 2011,12:40,MDZhB/МДЖБ,/media/1709/S28-4625USB-20110421-1240z-msg-ByWebweasel.ogg ,12 065 VIChOVKA 33 65 69 53,ВИЧОВКА,-
April 21, 2011,12:45,MDZhB/МДЖБ,/media/1708/S28-4625USB-20110421-1245z-msg-ByWebweasel.ogg ,45 226 BICULLIN 89 49 24 54,БИЦУЛЛИН,-
April 21, 2011,12:55,MDZhB/МДЖБ,/media/1707/S28-4625USB-20110421-1255z-msg-ByWebweasel.ogg,98 871 BICA 56 73 49 73,БИЦА,-
April 21, 2011,13:08,MDZhB/МДЖБ,/media/1711/S28-4625USB-20110421-1308z-msg-ByWebweasel.ogg,91 390 ChIHOTA 58 00 46 81,ЧИХОТА,-
April 21, 2011,14:20,MDZhB/МДЖБ,/media/1710/S28-4625USB-20110421-1420z-msg-ByWebweasel.ogg,91 390 BIHORD 56 49 27 33,БИХОРД,danix111: In background Tarasenko says  vnimanie then same message. Format was almost same like December messages broadcasted through phone call.
April 22, 2011,13:15,MDZhB/МДЖБ,/media/1727/S28-4625USB-20110422-1315z-msg-ByWebweasel.ogg ,96 491 DIHLOROFOS 97 08 01 36,ДИХЛОРОФОС,-
April 26, 2011,14:00,MDZhB/МДЖБ,/media/1756/S28-4625USB-20110426-1400z-msg-ByWebweasel.ogg,76 497 ZhITO 14 19 92 56,ЖИТО,Female voice fast reading no mistakes.
April 27, 2011,Approx 09:00,,,,,Female voice heard reading in message format but inaudible#skip
April 27, 2011,12:30,MDZhB/МДЖБ,/media/1758/S28-4625USB-20110427-1230z-msg-ByWebweasel.ogg,45 004 RISTALIShchYe 31 97 24 58,РИСТАЛИЩЕ,Faint buzzer on low power or off most of the day female voice
April 27, 2011,12:45,MDZhB/МДЖБ,/media/1760/S28-4625USB-20110427-1245z-msg-ByWebweasel.ogg ,85 437 AL'GIN 36 31 74 60,АЛЬГИН,Female voice
April 27, 2011,13:30,MDZhB/МДЖБ,/media/1759/S28-4625USB-20110427-1330z-msg-ByWebweasel.ogg ,84 905 FLOR 22 96 59 34,ФЛОР,Female voice
April 29, 2011,09:42,MDZhB/МДЖБ,/media/1762/S28-4625USB-20110429-0942z-msg-ByAvare.ogg ,34 511 ZLLANANIN 23 44 10 35,ЗЛЛАНАНИН,Male voice
May 05, 2011,,MDZhB/МДЖБ,/media/1762/S28-4625USB-20110429-0942z-msg-ByAvare.ogg,85 144 DROChYeNA 67 96 32 99,ДРОЧЕНА,"Online stream unavailable, report from avare."
May 11, 2011,13:00,MDZhB/МДЖБ,/media/1913/S28-4625USB-20110511-1300z-msg-ByAvare.ogg,66 319 GLOTIHA 64 29 47 76,ГЛОТИХА,Male voice Avare noted a mispronouciation of the number 29. It should be dvatsc but is dvats. This is like saying  Twen nine
May 11, 2011,13:05,MDZhB/МДЖБ,/media/1911/S28-4625USB-20110511-1305z-msg-ByAvare.ogg,35 990 ILOTICIN 36 19 69 46,ИЛОТИЦИН,Male voice
May 11, 2011,14:05,MDZhB/МДЖБ,/media/1912/S28-4625USB-20110511-1405z-msg-ByAvare.ogg,22 806 HLORAPATIT 80 80 29 83,ХЛОРАПАТИТ,Male voice
May 12, 2011,,MDZhB/МДЖБ,,,,Male voice
May 12, 2011,13:25,MDZhB/МДЖБ,/media/15547/s28-4625usb-20110512-1325z-msg-byavare.ogg,16 559 ГЛОКТ 65 83 69 34,GLOKT,Male voice
May 13, 2011,13:50,MDZhB/МДЖБ,/media/15480/s28-4625usb-20110513-1350z-msg-bywebweasel.ogg ,00 760 KLOVIR 67 36 65 80,КЛОВИР,Male voice
May 17, 2011,13:30,MDZhB/МДЖБ,/media/18273/s28-4625usb-20110517-1330z-msg-bywebweasel.ogg,93 013 ALKERAN 27 56 14 43 ALKERAG,АЛКЕРАН; АЛКЕРАГ,"Male voice repeat is a different word, perhaps a mistake in the reading."
May 19, 2011,14:50,MDZhB/МДЖБ,/media/18824/s28-4625usb-20110519-1450z-msg-bywebweasel.ogg ,33 919 PLINTUSNYJ 17 91 66 50,ПЛИНТУСНЫЙ,Male voice
May 31, 2011,14:52,MDZhB/МДЖБ,/media/22383/sdr-radio_2011-05-31_155027.mp3 ,14 985 ALYeUROMYeTR 23 50 15 04,AЛEУPOMETP,Male voice
June 07, 2011,08:??,MDZhB/МДЖБ,,24 640 FLEBOTOMUS 59 26 61 36,ФЛЕБОТОМУС,Male voice
June 08, 2011,12:01,MDZhB/МДЖБ,/media/23080/s28-4625usb-20110608-1201z-msg-byavare.ogg ,93 188 HLEBOREZ 71 53 89 37,ХЛЕБОРЕЗ,-
June 15, 2011,14:10,MDZhB/МДЖБ,,90 171 ALANDAS 08 47 11 50,АЛАНДАС,-
July 06, 2011,08:15 approx,MDZhB/МДЖБ,/media/27218/s28-4625usb-20110706-0815zapprox-msg-bywebweasel.ogg ,TRITON 641 646,ТРИТОН,Female voice, new message format!#skip
July 07, 2011,09:15,MDZhB/МДЖБ,/media/27218/s28-4625usb-20110706-0815zapprox-msg-bywebweasel.ogg ,,,Male voice
July 07, 2011,11:45,MDZhB/МДЖБ,/media/30966/s28-4625usb-20110707-1145z-msg-bywebweasel.ogg,12 223 EKSGORRAN 33 84 63 12,ЭКСГОРРАН,Male voice
July 07, 2011,13:10,MDZhB/МДЖБ,/media/30969/s28-4625usb-20110707-1310z-msg-bywebweasel.ogg,30 953 OKOMYeLIYuK 42 03 75 07,ОКОМЕЛИЮК,Male voice
July 07, 2011,13:40,MDZhB/МДЖБ,/media/30972/s28-4625usb-20110707-1340z-msg-bywebweasel.ogg ,87 754 AKMIT 95 77 56 83,AKMИT,Male voice
July 07, 2011,13:55,MDZhB/МДЖБ,/media/30972/s28-4625usb-20110707-1340z-msg-bywebweasel.ogg ,30 346 SKLONNYJ 31 00 60 16,СКЛОННІЙ,Male voice
July 12, 2011,10:40,MDZhB/МДЖБ,/media/27218/s28-4625usb-20110706-0815zapprox-msg-bywebweasel.ogg ,16 3?? SKALOLNYA&nbsp; ?? ?? ?? ??,СКАЛОЛНІА,Female voice
July 20, 2011,14:55,MDZhB/МДЖБ,/media/28553/s28-4625usb-20110720-1455z-msg-bywebweasel.ogg ,27 589 BITcYaMIN 27 95 ?? ??,БИЦЯМИН,Male voice
July 20, 2011,16:15,MDZhB/МДЖБ,/media/28558/s28-4625usb-20110720-1615z-msg-bywebweasel.ogg ,50 227 ChIHOTA 98 98 23 38,ЧИХТА,"Male voice, Avare notes: This is a new voice and the end numbers were read quickly."
July 25, 2011,08:12,MDZhB/МДЖБ,/media/32287/s28-4625usb-20110725-0812z-msg-bywebweasel.ogg ,75 389 ZhITO 56 73 49 73,ЖИТО,Male voice
July 25, 2011,08:22,MDZhB/МДЖБ,/media/32290/s28-4625usb-20110725-0822z-msg-bywebweasel.ogg ,50 267 DITIONIT 58 00 46 81,ДИТИОНИТ,Male voice
July 25, 2011,09:05,MDZhB/МДЖБ,/media/32293/s28-4625usb-20110725-0900z-msg-bywebweasel.ogg ,45 472 VITIYe 56 49 27 33 SITAR 97 08 01 36,ВИТИЕ СИТАР,Male voice
July 25, 2011,12:05,MDZhB/МДЖБ,/media/32296/s28-4625usb-20110725-1205z-msg-bywebweasel.ogg ,34 700 LISOHVOST 40 95 59 44 VISLYaTKKA 52 88 30 76,ЛИСОХВОСТ ВИСЛЯТККА,Male voice
July 25, 2011,12:45,MDZhB/МДЖБ,/media/32299/s28-4625usb-20110725-1245z-msg-bywebweasel.ogg,34 307 BIRYuZOVYJ 52 65 90 53,БИРЮЗОВЫЙ,Male voice
July 25, 2011,13:20,MDZhB/МДЖБ,/media/32237/s28-4625usb-20110725-1322z-msg-byavare.ogg ,04 101 BIRUHA 30 30 14 83,БИРУХА,Male voice
July 25, 2011,13:35,MDZhB/МДЖБ,/media/32242/s28-4625usb-20110725-1335z-msg-byavare.ogg ,19 165 ZhIROPOT 31 97 24 58,ЖИРОПОТ,Male voice
July 28, 2011,08:30,MDZhB/МДЖБ,,29 651 GIRLO 92 18 19 37,ГИРЛО,Male voice
July 28, 2011,08:35,MDZhB/МДЖБ,/media/27218/s28-4625usb-20110706-0815zapprox-msg-bywebweasel.ogg ,10 950 CIRKONAT 86 61 17 16,ЦИРКОНАТ,Male voice
July 28, 2011,09:10,MDZhB/МДЖБ,/media/27218/s28-4625usb-20110706-0815zapprox-msg-bywebweasel.ogg ,50 371 PIRITOVIT 48 68 35 87 63 371 PIRITOVIT 48 68 35 87,ПИРИТОВИТ,Male voice Mistake in reading
July 28, 2011,09:12,MDZhB/МДЖБ,/media/27218/s28-4625usb-20110706-0815zapprox-msg-bywebweasel.ogg ,96 331 MIRIKA 24 27 16 10,МИРИКА,Male voice
August 18, 2011,08:10,MDZhB/МДЖБ,/media/33699/s28-4625usb-20110818-0810z-msg-bywebweasel.ogg ,70 017 DIPOMANIYA 88 90 79 04,ДИПОМАНИІА,Male voice
August 18, 2011,08:35,MDZhB/МДЖБ,/media/33704/s28-4625usb-20110818-0835z-msg-bywebweasel.ogg ,73 596 DIPLODOK 08 53 27 73,ДИПЛОДОК,Male voice
August 18, 2011,08:35,MDZhB/МДЖБ,/media/27218/s28-4625usb-20110706-0815zapprox-msg-bywebweasel.ogg ,33 562 BIPLANOVYJ 95 82 02 38,БИПЛАНОВІЙ,Male voice
August 18, 2011,09:06,MDZhB/МДЖБ,/media/33654/s28-4625usb-20110818-0906z-msg-byavare.ogg ,70 831 GIPYeR 99 22 22 91,ГИПЕР,Male voice
August 18, 2011,09:37,MDZhB/МДЖБ,/media/33663/s28-4625usb-20110818-0937z-msg-byavare.ogg ,71 286 GIPYeRSTYeN 51 60 65 09,ГИПЕРСТЕН,Male voice
August 18, 2011,09:37,MDZhB/МДЖБ,/media/33663/s28-4625usb-20110818-0937z-msg-byavare.ogg ,11 982 GIPERYADRO 84 59 13 39,ГИПЕРІАДРО,Male voice
August 18, 2011,10:15,MDZhB/МДЖБ,/media/33674/s28-4625usb-20110818-1015z-msg-byavare.ogg ,43 405 LIPAK 65 15 65 95,ЛИПАК,Male voice
August 18, 2011,11:05,MDZhB/МДЖБ,/media/33679/s28-4625usb-20110818-1105z-msg-byavare.ogg ,95 441 LIPAVLON&nbsp;13 37 54 72,ЛИПАВЛОН,Male voice
August 18, 2011,11:06,MDZhB/МДЖБ,/media/33682/s28-4625usb-20110818-1106z-msg-byavare.ogg ,85 611 CIN'HA 62 79 45 15,ЦИНЬХА,Male voice
August 19, 2011,11:40,MDZhB/МДЖБ,/media/34420/s28-4625usb-20110819-1140z-msg-bywebweasel.ogg ,79 833 ShINMILLA 27 75 54 46,ШИНМИЛЛА,Male voice
August 19, 2011,12:11,MDZhB/МДЖБ,/media/34423/s28-4625usb-20110819-1211z-msg-bywebweasel.ogg ,87 660 SINHROTRON 66 53 03 21,СИНХРОТРОН,Male voice
August 19, 2011,12:54,MDZhB/МДЖБ,/media/34426/s28-4625usb-20110819-1254z-msg-bywebweasel.ogg ,09 975 DINOFYeK 29 40 75 51,ДИНОФЕК,Male voice
August 19, 2011,12:58,MDZhB/МДЖБ,/media/34429/s28-4625usb-20110819-1258z-msg-bywebweasel.ogg ,76 441 MINONOSNYJ 99 48 00 37,МИНОНОСНЫЙ,Male voice
August 19, 2011,14:31,MDZhB/МДЖБ,/media/34432/s28-4625usb-20110819-1431z-msg-bywebweasel.ogg ,25 268 KINODIALOG 82 81 45 89,КИНОДИАЛОГ,Male voice
August 19, 2011,14:35,MDZhB/МДЖБ,/media/34435/s28-4625usb-20110819-1435z-msg-bywebweasel.ogg ,47 956 ShINNYJ 40 24 26 89,ШИННЫЙ,Male voice
August 19, 2011,15:27,IA6N,/media/34438/s28-4625usb-20110819-1527z-msg-bywebweasel.ogg ,13 137 38 473 VINKATON 43 65 32 76,ВИНКАТОН,Male voice
August 22, 2011,09:00,MDZhB/МДЖБ,/media/33917/s28-4625usb-20110822-0900z-msg-bywebweasel.ogg ,30 134 TINKAL' 94 45 83 24,ТИНКАЛЬ,Male voice
August 22, 2011,09:50,MDZhB/МДЖБ,/media/33920/s28-4625usb-20110822-0950z-msg-bywebweasel.ogg ,26 727 GINECEJ 01 11 01 35,ГИНЕЦЕЙ,Male voice
August 22, 2011,11:00,MDZhB/МДЖБ,/media/33933/s28-4625usb-20110822-1100z-msg-bywebweasel.ogg ,34 686 DINGI 74 80 82 88,ДИНГИ,Male voice
August 22, 2011,11:10,MDZhB/МДЖБ,/media/33943/s28-4625usb-20110822-1110z-msg-bywebweasel.ogg ,78 770 ChINAB 50 06 48 15&nbsp;MIMELTIZM 15 97 40 75 68 IMEJKA 32 96 34,ЧИНАБ&nbsp;МИМЕЛТИЗМ&nbsp;ИМЕЙКА,Male voice
August 22, 2011,11:20,OYeUN/ОЕУН,/media/33950/s28-4625usb-20110822-1120z-msg-bywebweasel.ogg ,67 234 10 324 SIMVOLIKA 06 50 32 02 CIMBIDIUM 85 03 58 40 GIL'DIN 52 14 46 54 DIL'DRIN 37 46 77 11,СИМВОЛИКА ЦИМБИДИУМ ГИЛЬДИН ДИЛЬДРИН,Male voice
August 22, 2011,11:35,IA6N/ИА6Н,/media/33960/s28-4625usb-20110822-1135z-msg-bywebweasel.ogg ,67 234 10 324 SIMVOLIKA 06 50 32 02 CIMBIDIUM 85 03 58 40 GIL'DIN 52 14 46 54 DIL'DRIN 37 46 77 11,СИМВОЛИКА ЦИМБИДИУМ ГИЛЬДИН ДИЛЬДРИН,Male voice
August 22, 2011,12:48,MDZhB/МДЖБ,/media/33866/s28-4625usb-20110822-1249z-msg-bylinas.ogg ,41 686 TIL'DA 33 94 62 91 repeat ZhB 41 686 TIL'DA 33 94 62 91,ТИЛЬДА&nbsp;повтор ЖБ&nbsp;ТИЛЬДА,Male voice actually says  repeat ZhB  in the middle of the message
August 22, 2011,13:20,MDZhB/МДЖБ,/media/33969/s28-4625usb-20110822-1320z-msg-bywebweasel.ogg ,90 043 BIL'BOKYe 68 38 31 43,БИЛЬБОКЕ,Male voice
August 22, 2011,13:50,MDZhB/МДЖБ,/media/33886/s28-4625usb-20110822-1349z-msg-bylinas.ogg,19 757 BIL'BOKS 86 38 52 67,БИЛЬБОКС,Male voice
August 22, 2011,13:56,MDZhB/МДЖБ,/media/33889/s28-4625usb-20110822-1356z-msg-bylinas.ogg ,66 crash crash crash MDZHB 66 026 KILOTA 66 15 47 33,сбой сбой сбой КИЛОТА,Male voice
August 24, 2011,03:57,KZJT MBYShch 8ZhSM 1SG5 6Ye4N,/media/34239/s28-4625usb-20110824-0357z-msg-bywebweasel.ogg ,50617 99919 63819 24832 05598 SPLAVShchICA 1348 3324,ВИЛАИС,Male voice,#skip
August 24, 2011,11:20,MDZhB/МДЖБ,/media/34250/s28-4625usb-20110824-1120z-msg-bywebweasel.ogg ,23 956 FILOKARTIYa 64 97 25 71,ФИЛОКАРТИЯ,Male voice
August 24, 2011,11:52,MDZhB/МДЖБ,/media/34223/s28-4625usb-20110824-1152z-msg-bygwraspe.ogg ,96 484 LILOVYJ 08 76 83 82,ЛИЛОВЫЙ,Male voice
August 24, 2011,13:00,MDZhB/МДЖБ,/media/34259/s28-4625usb-20110824-1300z-msg-bywebweasel.ogg ,MDZhB V sboj sboj sboj sboj MDZhB 81 639 VILAIC 23 99 54 39,ВИЛАИС,Male voice
August 28, 2011,11:50,MDZhB/МДЖБ,/media/34449/s28-4625usb-20110828-1150z-msg-bywebweasel.ogg ,51 669 VIKING 40 16 28 44 LIKVYeMIN 94 22 35 14,ВИКИНГ ЛИКЕМИН,Male voice
August 28, 2011,11:54,MDZhB/МДЖБ,/media/34452/s28-4625usb-20110828-1154z-msg-bywebweasel.ogg ,28 851 MIKAROZA 84 23 43 26,МИКАРОЗА,Male voice
August 29, 2011,03:38,MDZhB/МДЖБ,/media/34487/s28-4625usb-20110829-0338z-msg-bygwraspe.ogg ,00 712 UPRYaZhNOJ 20 60 06 27,УПРЯЖНОЙ,Male voice
August 29, 2011,03:57,MDZhB/МДЖБ,/media/34490/s28-4625usb-20110829-0357z-msg-bygwraspe.ogg ,72 933 ShPROT 20 84 25 86,ШПРOТ,Male voice
August 29, 2011,04:05,MDZhB/МДЖБ,/media/34493/s28-4625usb-20110829-0405z-msg-bygwraspe.ogg ,82 233 SPRINGBOK 84 06 97 23,СПРИНГБОК,Male voice
August 29, 2011,13:49,MDZhB/МДЖБ,/media/34496/s28-4625usb-20110829-1349z-msg-bygwraspe.ogg ,43 550 APOFYeGMATY 69 26 50 78,АПОФЕГМАТЫ,Female voice
August 30, 2011,04:56,MDZhB/МДЖБ,/media/34511/s28-4625usb-20110830-0456z-msg-bygwraspe.ogg ,13 200 EPONIM 78 37 70 02,ЭПОНИМ,Male voice
September 01, 2011,14:01,MDZhB/МДЖБ,/media/34680/s28-4625usb-20110901-1401z-msg-byavare.ogg ,96 521 BYeRDOVYJ 67 70 52 94,БЕРДОВЫЙ,Male voice
September 03, 2011,03:00,MDZhB/МДЖБ,/media/34714/s28-4625usb-20110903-0300z-msg-bywebweasel.ogg ,10 422 APOGRANIT 92 31 75 63,АПОГРАНИТ,Male voice
September 04, 2011,13:22,MDZhB/МДЖБ,/media/34750/s28-4625usb-20110904-1322z-msg-bywebweasel.ogg ,80 413 KIZYaK 95 26 24 34,КИЗЯК,Male voice
September 05, 2011,12:30,MDZhB/МДЖБ,/media/34788/s28-4625usb-20110906-1230z-msg-byavare.ogg ,75 939 NIZKIJ 34 52 32 31 &nbsp;repeat given as 55 739 NIZKIJ 74 52 32 31,НИЗКИЙ,Repeat used some different numbers no repeat of either version were given for this message. Male voice
September 05, 2011,12:50,MDZhB/МДЖБ,/media/34800/s28-4625usb-20110905-1250z-msg-bygwraspe.ogg ,09 402 ZIZIFUS 91 36 32 41,ЗИЗИФУС,Male voice
September 05, 2011,13:39,MDZhB/МДЖБ,/media/34809/s28-4625usb-20110906-1339z-msg-byavare.ogg ,94 064 LIZIS 39 50 69 22,ЛИЗИС,Male voice
September 05, 2011,13:41,MDZhB/МДЖБ,/media/34812/s28-4625usb-20110906-1341z-msg-byavare.ogg ,41 079 KIZAR 56 09 66 06,КИЗАР,Male voice
September 09, 2011,11:30,94ZhT/94ЖТ,/media/34925/s28-4625usb-20110909-1130z-msg-bygwraspe.ogg ,44 729 SIZAL 79 84 36 62 SIDNOKARB 41 72 92 04,СИЗАЛЪ СИДНОКАРБ,New calssign. Male voice#skip
